resi	entropy	class
HA1-8	1.68149632953	FI6v3 only
HA1-18	1.57095059445	S9-3-37 only
HA1-28	0.0	FI6v3 only
HA1-29	1.4166422781	FI6v3 only
HA1-30	2.01997309402	FI6v3 only
HA1-38	2.42321967234	S9-3-37 only
HA1-39	1.64773092212	S9-3-37 only
HA1-40	2.80869496956	S9-3-37 only
HA1-287	2.17095059445	FI6v3 only
HA1-289	1.39176014818	Both
HA1-290	1.57838982472	FI6v3 only
HA1-291	2.28547529723	S9-3-37 only
HA1-292	1.46096404744	S9-3-37 only
HA1-316	0.0	FI6v3 only
HA1-318	1.45677964945	S9-3-37 only
HA2-18	0.934068055375	Both
HA2-19	1.27889790299	Both
HA2-20	0.0	Both
HA2-21	0.0	Both
HA2-36	0.0	S9-3-37 only
HA2-38	2.08837637173	Both
HA2-39	1.57838982472	FI6v3 only
HA2-41	0.0	Both
HA2-42	0.0	Both
HA2-43	2.07723544541	FI6v3 only
HA2-45	0.747584679825	Both
HA2-46	0.609840304716	Both
HA2-48	0.568995593589	Both
HA2-49	0.884183719779	Both
HA2-50	2.12612074684	S9-3-37 only
HA2-52	1.36899559359	Both
HA2-53	0.0	Both
HA2-54	1.58129089923	S9-3-37 only
HA2-56	1.15677964945	Both
HA2-57	1.46096404744	Both
